link;new_link
/blog/hybrid-grass-as-lawn-protection-no-more-damaged-lawns/;https://am-robots.com/blog/hybrid-grass-as-lawn-protection-no-more-damaged-lawns/
/shopold/accessories/blades/ambrogio-robot-blade-o25cm/;https://am-robots.pl/garaze/
/shopold/accessories/blades/ambrogio-robot-blade-o29cm/;https://am-robots.pl/garaze/
/shopold/accessories/blades/ambrogio-robot-blade-o35cm/;https://am-robots.pl/garaze/
/auto-mow-impact-safety-boundary-cable/;https://am-robots.pl/garaze/
/auto-mow-my-robot-home/;https://am-robots.pl/garaze/
/boundary-cable/;https://am-robots.pl/garaze/
/pro-guide-cable-connector/;https://am-robots.pl/garaze/
/shop/blades/ambrogio/ambrogio-robot-blade-o18cm/;https://am-robots.pl/garaze/
/shop/blades/bosch/bosch-indigo-blades-9-pcs/;https://am-robots.pl/garaze/
/shop/tools/heat-gun/heat-gun-battery-18v-4ah/;https://am-robots.pl/garaze/
/shopold/accessories/connectors/heat-shrink-repair-kit-10-cm/;https://am-robots.pl/garaze/
/shopold/accessories/connectors/heat-shrink-tool/;https://am-robots.pl/garaze/
/shopold/accessories/trackers/auto-mow-pro-cable-tracker/;https://am-robots.pl/garaze/
/shopold/boundary-cable/impact-safety-cable/impact-safety-cable-36mm/;https://am-robots.pl/garaze/
