external_sku;link
34509727;/pl/shopold/accessories/blades/ambrogio-robot-blade-o35cm/
34509727;/pl/shopold/accessories/blades/ambrogio-robot-blade-o29cm/
34509727;/pl/shopold/accessories/blades/ambrogio-robot-blade-o25cm/
34509727;https://am-robots.com/pl/shop/blades/ambrogio/ambrogio-robot-blade-o18cm/
34509781;/pl/shopold/accessories/blades/ambrogio-robot-blade-o35cm/
34509781;/pl/shopold/accessories/blades/ambrogio-robot-blade-o29cm/
34509781;/pl/shopold/accessories/blades/ambrogio-robot-blade-o25cm/
34509781;https://am-robots.com/pl/shop/blades/ambrogio/ambrogio-robot-blade-o18cm/
34899725;/pl/shopold/accessories/blades/ambrogio-robot-blade-o35cm/
34899725;/pl/shopold/accessories/blades/ambrogio-robot-blade-o29cm/
34899725;/pl/shopold/accessories/blades/ambrogio-robot-blade-o25cm/
34899725;https://am-robots.com/pl/shop/blades/ambrogio/ambrogio-robot-blade-o18cm/
34899727;/pl/shopold/accessories/blades/ambrogio-robot-blade-o35cm/
34899727;/pl/shopold/accessories/blades/ambrogio-robot-blade-o29cm/
34899727;/pl/shopold/accessories/blades/ambrogio-robot-blade-o25cm/
34899727;https://am-robots.com/pl/shop/blades/ambrogio/ambrogio-robot-blade-o18cm/
34899781;/pl/shopold/accessories/blades/ambrogio-robot-blade-o35cm/
34899781;/pl/shopold/accessories/blades/ambrogio-robot-blade-o29cm/
34899781;/pl/shopold/accessories/blades/ambrogio-robot-blade-o25cm/
34899781;https://am-robots.com/pl/shop/blades/ambrogio/ambrogio-robot-blade-o18cm/
34899782;/pl/shopold/accessories/blades/ambrogio-robot-blade-o35cm/
34899782;/pl/shopold/accessories/blades/ambrogio-robot-blade-o29cm/
34899782;/pl/shopold/accessories/blades/ambrogio-robot-blade-o25cm/
34899782;https://am-robots.com/pl/shop/blades/ambrogio/ambrogio-robot-blade-o18cm/
34899783;/pl/shopold/accessories/blades/ambrogio-robot-blade-o35cm/
34899783;/pl/shopold/accessories/blades/ambrogio-robot-blade-o29cm/
34899783;/pl/shopold/accessories/blades/ambrogio-robot-blade-o25cm/
34899783;https://am-robots.com/pl/shop/blades/ambrogio/ambrogio-robot-blade-o18cm/
36583094;https://am-robots.com/pl/shop/blades/bosch/bosch-indigo-blades-9-pcs/
36733097;https://am-robots.com/pl/shop/blades/bosch/bosch-indigo-blades-9-pcs/
33899789;https://www.youtube.com/embed/ijnvHXEdnpM?feature=oembed
33899789;https://am-robots.com/wp-content/uploads/complianz/placeholders/youtubeijnvHXEdnpM-maxresdefault.webp
33899790;https://www.youtube.com/embed/ijnvHXEdnpM?feature=oembed
33899790;https://am-robots.com/wp-content/uploads/complianz/placeholders/youtubeijnvHXEdnpM-maxresdefault.webp
33899791;https://www.youtube.com/embed/ijnvHXEdnpM?feature=oembed
33899791;https://am-robots.com/wp-content/uploads/complianz/placeholders/youtubeijnvHXEdnpM-maxresdefault.webp
33899792;https://www.youtube.com/embed/ijnvHXEdnpM?feature=oembed
33899792;https://am-robots.com/wp-content/uploads/complianz/placeholders/youtubeijnvHXEdnpM-maxresdefault.webp
33899793;https://www.youtube.com/embed/ijnvHXEdnpM?feature=oembed
33899793;https://am-robots.com/wp-content/uploads/complianz/placeholders/youtubeijnvHXEdnpM-maxresdefault.webp
21333549;https://am-robots.com/pl/shopold/boundary-cable/impact-safety-cable/impact-safety-cable-36mm/
21333549;https://am-robots.com/pl/auto-mow-impact-safety-boundary-cable/
21333549;https://www.youtube.com/embed/Z1tBuQuB3aw?feature=oembed
21333549;https://am-robots.com/wp-content/uploads/complianz/placeholders/youtubeZ1tBuQuB3aw-maxresdefault.webp
21333554;https://am-robots.com/pl/shopold/boundary-cable/impact-safety-cable/impact-safety-cable-36mm/
21333554;https://am-robots.com/pl/auto-mow-impact-safety-boundary-cable/
21333554;https://www.youtube.com/embed/Z1tBuQuB3aw?feature=oembed
21333554;https://am-robots.com/wp-content/uploads/complianz/placeholders/youtubeZ1tBuQuB3aw-maxresdefault.webp
21333556;https://am-robots.com/pl/shopold/boundary-cable/impact-safety-cable/impact-safety-cable-36mm/
21333556;https://am-robots.com/pl/auto-mow-impact-safety-boundary-cable/
21333556;https://www.youtube.com/embed/Z1tBuQuB3aw?feature=oembed
21333556;https://am-robots.com/wp-content/uploads/complianz/placeholders/youtubeZ1tBuQuB3aw-maxresdefault.webp
21333564;https://am-robots.com/pl/shopold/boundary-cable/impact-safety-cable/impact-safety-cable-36mm/
21333564;https://am-robots.com/pl/auto-mow-impact-safety-boundary-cable/
21333564;https://www.youtube.com/embed/Z1tBuQuB3aw?feature=oembed
21333564;https://am-robots.com/wp-content/uploads/complianz/placeholders/youtubeZ1tBuQuB3aw-maxresdefault.webp
24333856;https://am-robots.com/pl/shopold/boundary-cable/impact-safety-cable/impact-safety-cable-36mm/
24333856;https://am-robots.com/pl/auto-mow-impact-safety-boundary-cable/
24333856;https://www.youtube.com/embed/Z1tBuQuB3aw?feature=oembed
24333856;https://am-robots.com/wp-content/uploads/complianz/placeholders/youtubeZ1tBuQuB3aw-maxresdefault.webp
24333856;https://online.flippingbook.com/view/364892156/
24333856;https://online.flippingbook.com/view/1020354263/
24333856;https://online.flippingbook.com/view/68050586/
24333856;https://online.flippingbook.com/view/283587982/
24333856;https://online.flippingbook.com/view/283709959/
24333856;https://online.flippingbook.com/view/825799795/
24333856;/wp-content/uploads/2025/05/Installation-flyer_Eng.pdf
24333856;/wp-content/uploads/2025/05/Installation-flyer_dansk.pdf
24333856;/wp-content/uploads/2025/05/Installation-flyer_German.pdf
24333856;/wp-content/uploads/2025/05/Installation-flyer_French.pdf
24333856;/wp-content/uploads/2025/05/Installation-flyer_Spanish.pdf
24333856;/wp-content/uploads/2025/05/Installation-flyer_Italian.pdf
24333856;/wp-content/uploads/2025/05/Installation-flyer_Polish.pdf
24333856;/wp-content/uploads/2025/05/Installation-flyer_Slovakian.pdf
24333856;/wp-content/uploads/2025/05/Installation-flyer_Czech.pdf
24333862;https://am-robots.com/pl/shopold/boundary-cable/impact-safety-cable/impact-safety-cable-36mm/
24333862;https://am-robots.com/pl/auto-mow-impact-safety-boundary-cable/
24333862;https://www.youtube.com/embed/Z1tBuQuB3aw?feature=oembed
24333862;https://am-robots.com/wp-content/uploads/complianz/placeholders/youtubeZ1tBuQuB3aw-maxresdefault.webp
24333862;https://online.flippingbook.com/view/364892156/
24333862;https://online.flippingbook.com/view/1020354263/
24333862;https://online.flippingbook.com/view/68050586/
24333862;https://online.flippingbook.com/view/283587982/
24333862;https://online.flippingbook.com/view/283709959/
24333862;https://online.flippingbook.com/view/825799795/
24333862;/wp-content/uploads/2025/05/Installation-flyer_Eng.pdf
24333862;/wp-content/uploads/2025/05/Installation-flyer_dansk.pdf
24333862;/wp-content/uploads/2025/05/Installation-flyer_German.pdf
24333862;/wp-content/uploads/2025/05/Installation-flyer_French.pdf
24333862;/wp-content/uploads/2025/05/Installation-flyer_Spanish.pdf
24333862;/wp-content/uploads/2025/05/Installation-flyer_Italian.pdf
24333862;/wp-content/uploads/2025/05/Installation-flyer_Polish.pdf
24333862;/wp-content/uploads/2025/05/Installation-flyer_Slovakian.pdf
24333862;/wp-content/uploads/2025/05/Installation-flyer_Czech.pdf
15220166;https://www.youtube.com/embed/QR82_Nfd-0c?feature=oembed
15220166;https://am-robots.com/wp-content/uploads/complianz/placeholders/youtubeQR82_Nfd-0c-maxresdefault.webp
15290162;https://www.youtube.com/embed/QR82_Nfd-0c?feature=oembed
15290162;https://am-robots.com/wp-content/uploads/complianz/placeholders/youtubeQR82_Nfd-0c-maxresdefault.webp
15223547;https://www.youtube.com/embed/QR82_Nfd-0c?feature=oembed
15223547;https://am-robots.com/wp-content/uploads/complianz/placeholders/youtubeQR82_Nfd-0c-maxresdefault.webp
15223548;https://www.youtube.com/embed/QR82_Nfd-0c?feature=oembed
15223548;https://am-robots.com/wp-content/uploads/complianz/placeholders/youtubeQR82_Nfd-0c-maxresdefault.webp
15293549;https://www.youtube.com/embed/QR82_Nfd-0c?feature=oembed
15293549;https://am-robots.com/wp-content/uploads/complianz/placeholders/youtubeQR82_Nfd-0c-maxresdefault.webp
15293551;https://www.youtube.com/embed/QR82_Nfd-0c?feature=oembed
15293551;https://am-robots.com/wp-content/uploads/complianz/placeholders/youtubeQR82_Nfd-0c-maxresdefault.webp
15293556;https://www.youtube.com/embed/QR82_Nfd-0c?feature=oembed
15293556;https://am-robots.com/wp-content/uploads/complianz/placeholders/youtubeQR82_Nfd-0c-maxresdefault.webp
15293562;https://www.youtube.com/embed/QR82_Nfd-0c?feature=oembed
15293562;https://am-robots.com/wp-content/uploads/complianz/placeholders/youtubeQR82_Nfd-0c-maxresdefault.webp
15293566;https://www.youtube.com/embed/QR82_Nfd-0c?feature=oembed
15293566;https://am-robots.com/wp-content/uploads/complianz/placeholders/youtubeQR82_Nfd-0c-maxresdefault.webp
27290156;https://am-robots.com/pl/
27290156;https://www.youtube.com/embed/QR82_Nfd-0c?feature=oembed
27290156;https://am-robots.com/wp-content/uploads/complianz/placeholders/youtubeQR82_Nfd-0c-maxresdefault.webp
27290162;https://am-robots.com/pl/
27290162;https://www.youtube.com/embed/QR82_Nfd-0c?feature=oembed
27290162;https://am-robots.com/wp-content/uploads/complianz/placeholders/youtubeQR82_Nfd-0c-maxresdefault.webp
25293856;https://am-robots.com/pl/
25293856;https://www.youtube.com/embed/QR82_Nfd-0c?feature=oembed
25293856;https://am-robots.com/wp-content/uploads/complianz/placeholders/youtubeQR82_Nfd-0c-maxresdefault.webp
25293862;https://am-robots.com/pl/
25293862;https://www.youtube.com/embed/QR82_Nfd-0c?feature=oembed
25293862;https://am-robots.com/wp-content/uploads/complianz/placeholders/youtubeQR82_Nfd-0c-maxresdefault.webp
10293538;https://www.youtube.com/embed/QR82_Nfd-0c?feature=oembed
10293538;https://am-robots.com/wp-content/uploads/complianz/placeholders/youtubeQR82_Nfd-0c-maxresdefault.webp
10293542;https://www.youtube.com/embed/QR82_Nfd-0c?feature=oembed
10293542;https://am-robots.com/wp-content/uploads/complianz/placeholders/youtubeQR82_Nfd-0c-maxresdefault.webp
10293548;https://www.youtube.com/embed/QR82_Nfd-0c?feature=oembed
10293548;https://am-robots.com/wp-content/uploads/complianz/placeholders/youtubeQR82_Nfd-0c-maxresdefault.webp
10293549;https://www.youtube.com/embed/QR82_Nfd-0c?feature=oembed
10293549;https://am-robots.com/wp-content/uploads/complianz/placeholders/youtubeQR82_Nfd-0c-maxresdefault.webp
10293551;https://www.youtube.com/embed/QR82_Nfd-0c?feature=oembed
10293551;https://am-robots.com/wp-content/uploads/complianz/placeholders/youtubeQR82_Nfd-0c-maxresdefault.webp
10293556;https://www.youtube.com/embed/QR82_Nfd-0c?feature=oembed
10293556;https://am-robots.com/wp-content/uploads/complianz/placeholders/youtubeQR82_Nfd-0c-maxresdefault.webp
10293562;https://www.youtube.com/embed/QR82_Nfd-0c?feature=oembed
10293562;https://am-robots.com/wp-content/uploads/complianz/placeholders/youtubeQR82_Nfd-0c-maxresdefault.webp
50690698;https://am-robots.com/pl/boundary-cable/
50690698;https://www.youtube.com/embed/7a3gS2IFX8E?feature=oembed
50690698;https://am-robots.com/wp-content/uploads/complianz/placeholders/youtube7a3gS2IFX8E-maxresdefault.webp
50950698;https://am-robots.com/pl/boundary-cable/
50950698;https://www.youtube.com/embed/7a3gS2IFX8E?feature=oembed
50950698;https://am-robots.com/wp-content/uploads/complianz/placeholders/youtube7a3gS2IFX8E-maxresdefault.webp
50053370;https://am-robots.com/pl/boundary-cable/
50053370;https://www.google.com/url?q=https://am-robots.com/boundary-cable/&source=gmail&ust=1634231850891000&usg=AFQjCNHrLM0vhltXts63HI7GCUc8pORSaw
50053370;https://www.youtube.com/embed/tsWIpka-Rto?feature=oembed
50053370;https://am-robots.com/wp-content/uploads/complianz/placeholders/youtubetsWIpka-Rto-maxresdefault.webp
50953399;https://am-robots.com/pl/boundary-cable/
50953399;https://www.google.com/url?q=https://am-robots.com/boundary-cable/&source=gmail&ust=1634231850891000&usg=AFQjCNHrLM0vhltXts63HI7GCUc8pORSaw
50953399;https://www.youtube.com/embed/tsWIpka-Rto?feature=oembed
50953399;https://am-robots.com/wp-content/uploads/complianz/placeholders/youtubetsWIpka-Rto-maxresdefault.webp
53692376;https://am-robots.com/pl/shopold/accessories/connectors/heat-shrink-tool/
53692376;https://www.youtube.com/embed/i6lm0QkZwV4?feature=oembed
53692376;https://am-robots.com/wp-content/plugins/complianz-gdpr/assets/images/placeholders/default-minimal.jpg
53691698;https://am-robots.com/pl/shopold/accessories/connectors/heat-shrink-tool/
53691698;https://www.youtube.com/embed/i6lm0QkZwV4?feature=oembed
53691698;https://am-robots.com/wp-content/plugins/complianz-gdpr/assets/images/placeholders/default-minimal.jpg
52530698;https://am-robots.com/pl/boundary-cable/
52530698;https://am-robots.com/pl/pro-guide-cable-connector/
52530698;https://www.youtube.com/embed/abm8BGA-N4w?feature=oembed
52530698;https://am-robots.com/wp-content/uploads/complianz/placeholders/youtubeabm8BGA-N4w-maxresdefault.webp
52690698;https://am-robots.com/pl/boundary-cable/
52690698;https://am-robots.com/pl/pro-guide-cable-connector/
52690698;https://www.youtube.com/embed/abm8BGA-N4w?feature=oembed
52690698;https://am-robots.com/wp-content/uploads/complianz/placeholders/youtubeabm8BGA-N4w-maxresdefault.webp
81939778;https://www.youtube.com/embed/1vRt33eGoik?feature=oembed
81939778;https://am-robots.com/wp-content/uploads/complianz/placeholders/youtube1vRt33eGoik-maxresdefault.webp
54541298;https://youtu.be/e1Zb1do2QBA
54691298;https://youtu.be/e1Zb1do2QBA
38874298;https://www.youtube.com/embed/mpLYhwmf1Jw?feature=oembed
38874298;https://am-robots.com/wp-content/uploads/complianz/placeholders/youtubempLYhwmf1Jw-maxresdefault.webp
38874298;https://am-robots.com/wp-content/uploads/2025/10/AM-Garages-robot-compatibility-2025.xlsx
38874298;/pl/contact-us/
38501696;https://www.youtube.com/embed/FVv1frM85tE?feature=oembed
38501696;https://am-robots.com/wp-content/uploads/complianz/placeholders/youtubeFVv1frM85tE-maxresdefault.webp
38501697;https://www.youtube.com/embed/FVv1frM85tE?feature=oembed
38501697;https://am-robots.com/wp-content/uploads/complianz/placeholders/youtubeFVv1frM85tE-maxresdefault.webp
38981098;https://www.youtube.com/embed/nY_2mxC7YcE?feature=oembed
38981098;https://am-robots.com/wp-content/uploads/complianz/placeholders/youtubenY_2mxC7YcE-maxresdefault.webp
38981098;https://am-robots.com/wp-content/uploads/2025/10/AM-Garages-robot-compatibility-2025.xlsx
38981098;/pl/contact-us/
38981089;https://www.youtube.com/embed/NgcD_VKIUqc?feature=oembed
38981089;https://am-robots.com/wp-content/uploads/complianz/placeholders/youtubeNgcD_VKIUqc-maxresdefault.webp
38981089;https://youtu.be/q9Kab2z5qfU?si=_YHOreTBAuY0_GyJ
38981089;https://am-robots.com/wp-content/uploads/2025/10/AM-Garages-robot-compatibility-2025.xlsx
38981089;/pl/contact-us/
38981097;https://www.youtube.com/embed/EXks63NIUKY?feature=oembed
38981097;https://am-robots.com/wp-content/uploads/complianz/placeholders/youtubeEXks63NIUKY-maxresdefault.webp
38981097;https://youtu.be/q9Kab2z5qfU?si=_YHOreTBAuY0_GyJ
38981097;https://am-robots.com/wp-content/uploads/2025/10/AM-Garages-robot-compatibility-2025.xlsx
38981097;/pl/contact-us/
38983397;https://www.youtube.com/embed/7m1RC32inVk?feature=oembed
38983397;https://am-robots.com/wp-content/uploads/complianz/placeholders/youtube7m1RC32inVk-maxresdefault.webp
38983397;https://am-robots.com/wp-content/uploads/2025/10/AM-Garages-robot-compatibility-2025.xlsx
38983397;/pl/contact-us/
38994299;https://am-robots.com/pl/auto-mow-my-robot-home/
38994299;https://www.youtube.com/embed/v4-zsKpAQmg?feature=oembed
38994299;https://am-robots.com/wp-content/uploads/complianz/placeholders/youtubev4-zsKpAQmg-maxresdefault.webp
38994299;https://am-robots.com/wp-content/uploads/2025/10/AM-Garages-robot-compatibility-2025.xlsx
38994299;/pl/contact-us/
38983899;https://www.youtube.com/embed/tJWswpM4U8Y?feature=oembed
38983899;https://am-robots.com/wp-content/uploads/complianz/placeholders/youtubetJWswpM4U8Y-hqdefault.webp
38969799;https://www.youtube.com/embed/4vAaIzbPI4w?feature=oembed
38969799;https://am-robots.com/wp-content/uploads/complianz/placeholders/youtube4vAaIzbPI4w-maxresdefault.webp
38980295;https://www.youtube.com/embed/oVIQLT80IcY?feature=oembed
38980295;https://am-robots.com/wp-content/uploads/complianz/placeholders/youtubeoVIQLT80IcY-maxresdefault.webp
38980295;https://am-robots.com/wp-content/uploads/2025/10/AM-Garages-robot-compatibility-2025.xlsx
38980295;/pl/contact-us/
38980296;https://www.youtube.com/embed/oVIQLT80IcY?feature=oembed
38980296;https://am-robots.com/wp-content/uploads/complianz/placeholders/youtubeoVIQLT80IcY-maxresdefault.webp
38980296;https://am-robots.com/wp-content/uploads/2025/10/AM-Garages-robot-compatibility-2025.xlsx
38980296;/pl/contact-us/
38980298;https://www.youtube.com/embed/oVIQLT80IcY?feature=oembed
38980298;https://am-robots.com/wp-content/uploads/complianz/placeholders/youtubeoVIQLT80IcY-maxresdefault.webp
38980298;https://am-robots.com/wp-content/uploads/2025/10/AM-Garages-robot-compatibility-2025.xlsx
38980298;/pl/contact-us/
38980299;https://www.youtube.com/embed/oVIQLT80IcY?feature=oembed
38980299;https://am-robots.com/wp-content/uploads/complianz/placeholders/youtubeoVIQLT80IcY-maxresdefault.webp
38980299;https://am-robots.com/wp-content/uploads/2025/10/AM-Garages-robot-compatibility-2025.xlsx
38980299;/pl/contact-us/
38874299;https://am-robots.com/wp-content/uploads/2025/10/AM-Garages-robot-compatibility-2025.xlsx
38874299;/pl/contact-us/
57504114;/blog/hybrid-grass-as-lawn-protection-no-more-damaged-lawns/
57504135;/blog/hybrid-grass-as-lawn-protection-no-more-damaged-lawns/
90973596;https://www.youtube.com/embed/FF7Y9OlCtts?feature=oembed
90973596;https://am-robots.com/wp-content/uploads/complianz/placeholders/youtubeFF7Y9OlCtts-maxresdefault.webp
90979796;https://am-robots.com/wp-content/uploads/2020/11/PW_600MH_2020_FLYER_EN_EUR_R00-compressed.pdf
90979796;https://am-robots.com/wp-content/uploads/2020/11/PW_600MH_2020_FLYER_FR_EUR_R00-compressed.pdf
90979796;https://am-robots.com/wp-content/uploads/2020/11/PW_600MH_2020_FLYER_DE_EUR_R00_compressed.pdf
90979796;https://www.youtube.com/embed/mXeswtk5ihU?feature=oembed
90979796;https://am-robots.com/wp-content/uploads/complianz/placeholders/youtubemXeswtk5ihU-maxresdefault.webp
62691699;https://am-robots.com/pl/shopold/accessories/connectors/heat-shrink-repair-kit-10-cm/
62691699;https://am-robots.com/pl/shop/tools/heat-gun/heat-gun-battery-18v-4ah/
62691699;https://www.youtube.com/embed/pP25fuICJOg?feature=oembed
62691699;https://am-robots.com/wp-content/uploads/complianz/placeholders/youtubepP25fuICJOg-maxresdefault.webp
70509598;https://am-robots.com/pl/shopold/accessories/connectors/heat-shrink-repair-kit-10-cm/
70509598;https://am-robots.com/pl/shop/tools/heat-gun/heat-gun-battery-18v-4ah/
70509598;https://www.youtube.com/embed/pP25fuICJOg?feature=oembed
70509598;https://am-robots.com/wp-content/uploads/complianz/placeholders/youtubepP25fuICJOg-maxresdefault.webp
60503597;https://am-robots.com/pl/shopold/accessories/trackers/auto-mow-pro-cable-tracker/
60503581;https://am-robots.com/pl/shopold/boundary-cable/impact-safety-cable/impact-safety-cable-36mm/
60503581;https://www.youtube.com/embed/fbDft0O5naw?feature=oembed
60503581;https://am-robots.com/wp-content/uploads/complianz/placeholders/youtubefbDft0O5naw-maxresdefault.webp
40690124;https://www.youtube.com/embed/20D9jIpuRlU?feature=oembed
40690124;https://am-robots.com/wp-content/uploads/complianz/placeholders/youtube20D9jIpuRlU-maxresdefault.webp
40690126;https://www.youtube.com/embed/vmJhWwEmdto?feature=oembed
40690126;https://am-robots.com/wp-content/uploads/complianz/placeholders/youtubevmJhWwEmdto-maxresdefault.webp
66892089;https://am-robots.com/wp-content/uploads/2025/05/STORM-specification-list-all-models.pdf
66892089;mailto:info@am-robots.com?subject=STORM%20dealer
66892091;https://am-robots.com/wp-content/uploads/2025/05/STORM-specification-list-all-models.pdf
66892091;mailto:info@am-robots.com?subject=STORM%20dealer
66892093;https://am-robots.com/wp-content/uploads/2025/05/STORM-specification-list-all-models.pdf
66892093;mailto:info@am-robots.com?subject=STORM%20dealer
