external_sku;video_url
33899789;https://www.youtube.com/embed/ijnvHXEdnpM?feature=oembed
33899790;https://www.youtube.com/embed/ijnvHXEdnpM?feature=oembed
33899791;https://www.youtube.com/embed/ijnvHXEdnpM?feature=oembed
33899792;https://www.youtube.com/embed/ijnvHXEdnpM?feature=oembed
33899793;https://www.youtube.com/embed/ijnvHXEdnpM?feature=oembed
21333549;https://www.youtube.com/embed/Z1tBuQuB3aw?feature=oembed
21333554;https://www.youtube.com/embed/Z1tBuQuB3aw?feature=oembed
21333556;https://www.youtube.com/embed/Z1tBuQuB3aw?feature=oembed
21333564;https://www.youtube.com/embed/Z1tBuQuB3aw?feature=oembed
24333856;https://www.youtube.com/embed/Z1tBuQuB3aw?feature=oembed
24333856;https://www.youtube.com/embed/Z1tBuQuB3aw?feature=oembed
24333862;https://www.youtube.com/embed/Z1tBuQuB3aw?feature=oembed
24333862;https://www.youtube.com/embed/Z1tBuQuB3aw?feature=oembed
15220166;https://www.youtube.com/embed/QR82_Nfd-0c?feature=oembed
15290162;https://www.youtube.com/embed/QR82_Nfd-0c?feature=oembed
15223547;https://www.youtube.com/embed/QR82_Nfd-0c?feature=oembed
15223548;https://www.youtube.com/embed/QR82_Nfd-0c?feature=oembed
15293549;https://www.youtube.com/embed/QR82_Nfd-0c?feature=oembed
15293551;https://www.youtube.com/embed/QR82_Nfd-0c?feature=oembed
15293556;https://www.youtube.com/embed/QR82_Nfd-0c?feature=oembed
15293562;https://www.youtube.com/embed/QR82_Nfd-0c?feature=oembed
15293566;https://www.youtube.com/embed/QR82_Nfd-0c?feature=oembed
27290156;https://www.youtube.com/embed/QR82_Nfd-0c?feature=oembed
27290162;https://www.youtube.com/embed/QR82_Nfd-0c?feature=oembed
25293856;https://www.youtube.com/embed/QR82_Nfd-0c?feature=oembed
25293862;https://www.youtube.com/embed/QR82_Nfd-0c?feature=oembed
10293538;https://www.youtube.com/embed/QR82_Nfd-0c?feature=oembed
10293547;https://www.youtube.com/embed/QR82_Nfd-0c?feature=oembed
10293542;https://www.youtube.com/embed/QR82_Nfd-0c?feature=oembed
10293548;https://www.youtube.com/embed/QR82_Nfd-0c?feature=oembed
10293549;https://www.youtube.com/embed/QR82_Nfd-0c?feature=oembed
10293551;https://www.youtube.com/embed/QR82_Nfd-0c?feature=oembed
10293556;https://www.youtube.com/embed/QR82_Nfd-0c?feature=oembed
10293562;https://www.youtube.com/embed/QR82_Nfd-0c?feature=oembed
50690698;https://www.youtube.com/embed/7a3gS2IFX8E?feature=oembed
50950698;https://www.youtube.com/embed/7a3gS2IFX8E?feature=oembed
50053370;https://www.youtube.com/embed/tsWIpka-Rto?feature=oembed
50953399;https://www.youtube.com/embed/tsWIpka-Rto?feature=oembed
53692376;https://www.youtube.com/embed/i6lm0QkZwV4?feature=oembed
53691698;https://www.youtube.com/embed/i6lm0QkZwV4?feature=oembed
52530698;https://www.youtube.com/embed/abm8BGA-N4w?feature=oembed
52690698;https://www.youtube.com/embed/abm8BGA-N4w?feature=oembed
81939778;https://www.youtube.com/embed/1vRt33eGoik?feature=oembed
38874298;https://www.youtube.com/embed/mpLYhwmf1Jw?feature=oembed
38501696;https://www.youtube.com/embed/FVv1frM85tE?feature=oembed
38501697;https://www.youtube.com/embed/FVv1frM85tE?feature=oembed
38981098;https://www.youtube.com/embed/nY_2mxC7YcE?feature=oembed
38981089;https://www.youtube.com/embed/NgcD_VKIUqc?feature=oembed
38981097;https://www.youtube.com/embed/EXks63NIUKY?feature=oembed
38983397;https://www.youtube.com/embed/7m1RC32inVk?feature=oembed
38994299;https://www.youtube.com/embed/v4-zsKpAQmg?feature=oembed
38983899;https://www.youtube.com/embed/tJWswpM4U8Y?feature=oembed
38969799;https://www.youtube.com/embed/4vAaIzbPI4w?feature=oembed
38980295;https://www.youtube.com/embed/oVIQLT80IcY?feature=oembed
38980296;https://www.youtube.com/embed/oVIQLT80IcY?feature=oembed
38980298;https://www.youtube.com/embed/oVIQLT80IcY?feature=oembed
38980299;https://www.youtube.com/embed/oVIQLT80IcY?feature=oembed
90973596;https://www.youtube.com/embed/FF7Y9OlCtts?feature=oembed
90979796;https://www.youtube.com/embed/mXeswtk5ihU?feature=oembed
62691699;https://www.youtube.com/embed/pP25fuICJOg?feature=oembed
70509598;https://www.youtube.com/embed/pP25fuICJOg?feature=oembed
60503581;https://www.youtube.com/embed/fbDft0O5naw?feature=oembed
40690124;https://www.youtube.com/embed/20D9jIpuRlU?feature=oembed
40690126;https://www.youtube.com/embed/vmJhWwEmdto?feature=oembed
